,Banzhaf,Myerson,Owen-Data,Owen-Domain,Owen-Model,R-Myerson,SHAP
Banzhaf,1.0,0.05034341834936307,0.7920866867449554,0.00015618747992207638,0.8943640994756987,1.0761981814377819e-05,0.5850221091070713
Myerson,0.05034341834936307,1.0,0.7282557147043365,0.7282557147043365,0.5850221091070715,0.3687821663326847,0.8943640994756988
Owen-Data,0.7920866867449554,0.7282557147043365,1.0,0.036503963921698745,0.9999910634877348,0.005873676037657982,0.9999020095897005
Owen-Domain,0.00015618747992207638,0.7282557147043365,0.036503963921698745,1.0,0.018351964665553777,0.9981386862378745,0.09141429641242382
Owen-Model,0.8943640994756987,0.5850221091070715,0.9999910634877348,0.018351964665553777,1.0,0.002565273956498193,0.9981386862378745
R-Myerson,1.0761981814377819e-05,0.3687821663326847,0.005873676037657982,0.9981386862378745,0.002565273956498193,1.0,0.018351964665553777
SHAP,0.5850221091070713,0.8943640994756988,0.9999020095897005,0.09141429641242382,0.9981386862378745,0.018351964665553777,1.0
