Spearman_rho,Spearman_p,Kendall_tau,Kendall_p
-0.3913003716173938,0.00023278521366823033,-0.27231392184911657,0.0005100128760232993
