Spearman_rho,Spearman_p,Kendall_tau,Kendall_p
0.026738884264945615,0.8092164065903106,0.01786971191870098,0.8159859431509251
