Spearman_rho,Spearman_p,Kendall_tau,Kendall_p
-0.017087664684187303,0.8773924079069082,-0.010696955403725117,0.8914092045594887
