,Banzhaf,Myerson,Owen-Data,Owen-Domain,Owen-Model,R-Myerson,SHAP
Banzhaf,1.0,0.6154924735671989,1.7199561663794327e-07,0.022342846723211518,4.735403654398951e-05,5.518844159446701e-08,0.9177741185273568
Myerson,0.6154924735671989,1.0,0.0009527715723312014,0.7378437888373468,0.040096466944737785,0.00042358990824320486,0.9976901619146414
Owen-Data,1.7199561663794327e-07,0.0009527715723312014,1.0,0.14132911772401158,0.9449086246884446,0.9999962010268483,7.476771680237082e-05
Owen-Domain,0.022342846723211518,0.7378437888373468,0.14132911772401158,1.0,0.7378437888373469,0.08848962556351736,0.3652888132607731
Owen-Model,4.735403654398951e-05,0.040096466944737785,0.9449086246884446,0.7378437888373469,1.0,0.8833014872787892,0.006091517576217953
R-Myerson,5.518844159446701e-08,0.00042358990824320486,0.9999962010268483,0.08848962556351736,0.8833014872787892,1.0,2.9718968443281923e-05
SHAP,0.9177741185273568,0.9976901619146414,7.476771680237082e-05,0.3652888132607731,0.006091517576217953,2.9718968443281923e-05,1.0
