,Banzhaf,Myerson,Owen-Data,Owen-Domain,Owen-Model,R-Myerson,SHAP
Banzhaf,1.0,0.9309553078822991,0.9999998571306099,0.9999998571306099,0.8479021530564758,0.15569519072563975,0.6584190384863597
Myerson,0.9309553078822991,1.0,0.8943640994756988,0.9580056285289045,0.9999910634877348,0.005873676037657982,0.9981386862378745
Owen-Data,0.9999998571306099,0.8943640994756988,1.0,0.9999910634877348,0.7920866867449556,0.19820230777094228,0.5850221091070715
Owen-Domain,0.9999998571306099,0.9580056285289045,0.9999910634877348,1.0,0.8943640994756988,0.12028035697878614,0.7282557147043365
Owen-Model,0.8479021530564758,0.9999910634877348,0.7920866867449556,0.8943640994756988,1.0,0.002565273956498193,0.9999020095897005
R-Myerson,0.15569519072563975,0.005873676037657982,0.19820230777094228,0.12028035697878614,0.002565273956498193,1.0,0.0006704731354564286
SHAP,0.6584190384863597,0.9981386862378745,0.5850221091070715,0.7282557147043365,0.9999020095897005,0.0006704731354564286,1.0
