Spearman_rho,Spearman_p,Kendall_tau,Kendall_p
-0.3948881425212846,0.000201401111838212,-0.27964389379823473,0.0002972109910450101
