,Banzhaf,Myerson,Owen-Data,Owen-Domain,Owen-Model,R-Myerson,SHAP
Banzhaf,1.0,0.8943640994756987,0.0010623633644495367,0.19820230777094228,0.002565273956498193,5.493025243552552e-07,0.8479021530564759
Myerson,0.8943640994756987,1.0,0.0683724937701713,0.8943640994756986,0.12028035697878614,0.00025704544892990455,0.9999998571306099
Owen-Data,0.0010623633644495367,0.0683724937701713,1.0,0.6584190384863597,0.9999910634877348,0.7282557147043365,0.09141429641242349
Owen-Domain,0.19820230777094228,0.8943640994756986,0.6584190384863597,1.0,0.7920866867449554,0.026074137588941393,0.9309553078822991
Owen-Model,0.002565273956498193,0.12028035697878614,0.9999910634877348,0.7920866867449554,1.0,0.5850221091070715,0.15569519072563964
R-Myerson,5.493025243552552e-07,0.00025704544892990455,0.7282557147043365,0.026074137588941393,0.5850221091070715,1.0,0.0004177726751543043
SHAP,0.8479021530564759,0.9999998571306099,0.09141429641242349,0.9309553078822991,0.15569519072563964,0.0004177726751543043,1.0
