Spearman_rho,Spearman_p,Kendall_tau,Kendall_p
-0.25828624375075127,0.017684226961425038,-0.1900146034021871,0.013342579328741224
